Run,X-Net,Y-Net
1,11.6875,-24.9375
2,2.5625,-30
3,23.25,-13.3125
4,2.25,-34.4375
5,7.9375,-26.125
6,12.5625,-29.5
7,7,-26.625
8,8.3125,-26.9375
9,8.1875,-30.625
10,11.25,-33.6875
11,14.375,-31.625
12,8.75,-35.9375
13,12.8125,-33.125
14,11.5,-32.9375
15,-6.9375,-23.375
16,-16.25,-13.03125
17,-4.875,-10
18,-8.8125,-15.375
19,-0.0625,-24
20,-4.675,-19.125
21,-16.375,-26.875
22,-14.09375,-18
23,-13.21875,-21.25
24,-13.5,-14.25
25,-16.125,-12.25