Run,X-Net,Y-Net
1,3.8125,24.5
2,12.875,0.75
3,20.8125,2.6875
4,12.875,2.375
5,28.5,11.875
6,24.675,-7.125
7,16.5,8.46875
8,22.0625,10.375
9,18.3125,5.625
10,23.25,5.875
11,26.8125,4.75
12,23.375,1
13,15.4375,2.84375
14,24.6875,-0.125
15,20.3125,3.875