Run,X-Net,Y-Net
1,-28.4375,18
2,-22.625,15.5
3,-30.375,11.65625
4,-31.3125,27.75
5,-29,7.34375
6,-41.75,32.675
7,-29.25,-0.03125
8,-28.625,15.6875
9,-31.25,25.8125
10,-31.5,26.8125
11,-28.25,11.75
12,-19.5,21.5625
13,-31.875,24.6875
14,0.6875,13.375
15,9.6875,25
16,17.875,19.25
17,21.625,-2
18,31.40625,23.5
19,10.25,28.5
20,23.875,19.3125
21,19.3125,4.6875
22,12.78125,29.875
23,12.625,18.375
24,21.5,17
25,8.25,19