Run,X-Net,Y-Net
1,29.6875,-4.875
2,16.75,6.75
3,12.625,9.21875
4,31.4375,6.5625
5,16.1875,8.4375
6,11.5625,24.375
7,28.5,10.34375
8,27.1875,6.25
9,24.5,3.09375
10,22.4375,8
11,18.875,16.625
12,23.875,12.625
13,30.75,5.875
14,28.5,8.5625
15,-9.4375,5.625
16,1.375,-11.25
17,3.375,-10.5
18,10.0625,7.625
19,3.0625,3.3125
20,-8.0625,7.125
21,-3.6875,4.25
22,10.5,4.71875