Run,X-Net,Y-Net
1,0.75,-9.6875
2,-1.78125,-12.5
3,-13.625,-9.5625
4,2.1875,-8
5,5.9375,-6.09375
6,-10.5,-11.625
7,-6.0625,2.75
8,-3.75,-23.15625
9,5.03125,-12.375
10,5.25,-19.1875
11,-11.5,-11.125
12,4.875,-14
13,-14.5625,-7.0625
14,-14,-10.9375
15,9.4375,5.625
	