Run,X-Net,Y-Net
1,10.625,-2
2,-15.03125,6.875
3,-14.875,-6.9375
4,-4.0625,6.0625
5,15.96875,-3.34375
6,-6,-5.5
7,-3.75,2
8,2.53125,11.03125
9,-1.4375,3
10,-11.1875,7.375
11,5.25,5.75
12,0,8.5
13,5,-9.84375
14,10.5,5.46875
15,2.0625,10.7125
16,-10.25,4.96875
17,-17.4375,10.6875
18,-8.5,17.875
19,-6.4375,5.59375
20,-12.0625,13.625
21,1.25,15.28125
22,-0.4375,4.625
23,-7.3125,17.96875
24,8.46875,15.84375
25,-3.21875,14.375